player_id,player_name,"{""Australian Open"",""G""}","{""Roland Garros"",""G""}","{""Wimbledon"",""G""}","{""US Open"",""G""}","{""Indian Wells Masters"",""M""}","{""Miami Masters"",""M""}","{""Madrid Masters"",""M""}","{""Rome Masters"",""M""}","{""Shanghai Masters"",""M""}","{""Monte Carlo Masters"",""M""}","{""Canada Masters"",""M""}","{""Cincinnati Masters"",""M""}","{""Paris Masters"",""M""}","{""Rotterdam"",""500""}","{""Rio De Janeiro"",""500""}","{""Acapulco"",""500""}","{""Dubai"",""500""}","{""Halle"",""500""}","{""Queen's Club"",""500""}","{""Hamburg"",""500""}","{""Beijing"",""500""}","{""Tokyo"",""500""}","{""Basel"",""500""}","{""Vienna"",""500""}","{""Washington"",""500""}","{""Brisbane"",""250""}","{""Hong Kong"",""250""}","{""Adelaide"",""250""}","{""Auckland"",""250""}","{""Montpellier"",""250""}","{""Dallas"",""250""}","{""Cordoba"",""250""}","{""Marseille"",""250""}","{""Delray Beach"",""250""}","{""Buenos Aires"",""250""}","{""Santiago"",""250""}","{""Estoril"",""250""}","{""Houston"",""250""}","{""Marrakech"",""250""}","{""Munich"",""250""}","{""Bucharest"",""250""}","{""Geneva"",""250""}","{""Lyon"",""250""}","{""Eastbourne"",""250""}","{""Newport"",""250""}","{""Bastad"",""250""}","{""Atlanta"",""250""}","{""Winston-Salem"",""250""}","{""Stuttgart"",""250""}","{""'s-Hertogenbosch"",""250""}","{""Eastbourne"",""250""}_right","{""Mallorca"",""250""}","{""Bastad"",""250""}_right","{""Gstaad"",""250""}","{""Kitzbuhel"",""250""}","{""Umag"",""250""}","{""Chengdu"",""250""}","{""Hangzhou"",""250""}","{""Almaty"",""250""}","{""Antwerp"",""250""}","{""Stockholm"",""250""}","{""Belgrade"",""250""}","{""Metz"",""250""}"
KC12,Mitchell Krueger,,,,50,,,,,,,,,,,,,,,,,,,,,25,,,,,,0,,,,,,,,,,,,,,,,,,,,,,,,,,,0,,,,,
SX90,Fajing Sun,,,,,,,,,,,,,,,,,,,,,,,,,,,,,,,,,,,,,,,,,,,,,,,,,,,,,,,,,0,,,,,,
RC04,Alexander Ritschard,,,,,,,,,,,,,,,,,,,,,,,,,,,,,,,,,,,,,,0,,,,,,,,,,,,,,,,,,,,,,,,,
WB32,Yibing Wu,,,,,,,,,50,,,,,,,,,,,,,,,,,,,,,,,,,,,,,0,,,,,,,,,,,,,,,,,,,,0,,,,,
S0K7,Zachary Svajda,,,,10,,,,,30,,,,,,,,,,,,,,,,0,,,,,,0,,,25,,,,,,,,,,,0,,0,25,,,,,,,,,,0,,,,,
S0GD,Dalibor Svrcina,,,,,,,,,,,,,,,,,,,,,,,,,,,,,,0,,,,,,,,,,,,,,,,,,,,,,,,,,,,,,,,,
D0DT,Martin Damm,,,,,,50,,,,,,,,,,,,,,,,,,,,,,,,,,,,,,,,,,,,,,,,,,,,,,,,,,,,,,,,,
J386,Steve Johnson,,,,,,,,,,,,,,,,,,,,,,,,,,,,,,,0,,,,,,,,,,,,,,,,,,,,,,,,,,,,,,,,
N0CS,Lukas Neumayer,,,,,,,,,,,,,,,,,,,,,,,,,,,,,,,,,,,,,,,,,,,,,,,,,,,,,,,25,,,,,,,,
A0E2,Carlos Alcaraz,400,2000,2000,50,1000,200,200,,200,,,10,100,,0,,,,50,,500,,,,,,,,,,,,,,100,,,,,,,,,,,,,,,,,,,,,,,,,,,,
N0BG,Luca Nardi,,10,10,10,100,,,30,10,10,,,,,,,,,,,,,,,0,,,,,,,,,,,,,,,,0,,,,,,,,,25,,0,,,,,,0,,,,,
PG94,Marc Polmans,10,,,,,,,,,,,,,,,,,,,,,,,,,,,,,,,,,,,,,,,,,,,,0,,,,,,,,,,,,,,,,,,
RE44,Andrey Rublev,400,100,10,200,50,10,1000,50,10,10,650,200,10,100,,,200,0,,,100,,100,,100,,250,,,,,,,,,,,,,,,,,,,,,,,,,,0,,,100,,,,,50,,50
BU13,Zizou Bergs,10,100,10,50,,,10,10,30,,,,50,0,,,,,,0,0,,,,,,,,,,,,,,,,,25,,,,,,,,,,25,,25,,,,,,,,,,50,,,50
CC66,Andrea Collarini,,,,,,,,,,,,,,,,,,,,,,,,,,,,,,,,,,,,,,,,,,,,,,,,,,,,,,,0,,,,,,,,
MC65,Gael Monfils,50,50,100,50,100,50,10,10,100,50,10,100,,50,,,0,,,,0,,,50,,,,,0,0,,,,,,,25,,,,,,,,,,,,,,,100,,,,,,,,,,,
SL28,Jan-Lennard Struff,50,100,100,10,50,50,100,30,,100,,10,50,50,,,0,100,,,,,,0,,,25,,,,,,,,,,,,,250,,,,,,,,,50,,,,,100,,,,,,,,,25
K09F,Pavel Kotov,50,100,10,10,10,10,50,30,10,,,,,,,,0,,,,50,,,,,,50,,,,,,,,,,,,100,,,,50,,,,,50,,,,,25,,0,,0,,,,0,0,
M0JZ,Filip Misolic,,50,,,,,,,,,,,,,,,,,,,,,,,,,,,,,,,,,,,,,,,,,,,,,,,,,,,,,,0,,,,,,,
TE51,Stefanos Tsitsipas,200,400,50,10,100,10,10,200,100,1000,10,50,200,,,100,,50,,,,0,100,,,,,,,,,,,,,,,,,,,,,,,,,,,,,,,100,,,,,,50,,,
KD46,Thanasi Kokkinakis,50,100,50,50,30,,10,,,,50,,,,,,,,,,,,,,50,0,,0,,,,,,0,,,,0,,,0,,,,,,,,,,,,,,,,,,,,,,
S0JA,Eliot Spizzirri,,,,10,,,,,,,,,,,,,,,,,,,,,,,,,,,,,,,,,,,,,,,,,25,,,,,,,,,,,,,,,,,,
T0A1,Thiago Agustin Tirante,,10,,,,,,,,,,,,,,,,,,,,,,,,,,,,,,25,,,,25,,,,,,,,,,,,,,,,,100,,25,,,,,,0,,
P0K5,Theo Papamalamis,,,,,,,,,,,,,,,,,,,,,,,,,,,,,,,,,,,,,,,,,,,,,,,,,,,,,,,,,,,,,,,0
O513,Sebastian Ofner,10,100,10,10,10,30,10,10,,50,,,,,0,50,,0,,0,,,,,,,100,,25,,,25,,,0,,,,25,,,25,,,,,,,0,,,165,,,0,,,,,,,,
E687,Daniel Evans,10,10,10,100,10,30,,10,10,10,,,,,,0,,,0,,,,,,,,,25,,,,,,0,,,,,25,,,,0,,,,,0,,,,,,,,,,,25,,,,
R0FS,Leandro Riedi,,,,,,,,,,,,,,,,,,,,,,,,,,,,,,,,,,,,,,,,,,,,,,,,,,,,,,25,,,,,,,,,
MP20,Alexandre Muller,10,50,50,50,30,10,,100,50,,,,,,,,,,,,,,,,,,,,50,25,,,,,,,,,0,,,,25,,,,,13,,,,,0,,,25,0,,,,25,0,
MC10,Andy Murray,10,10,,,30,50,,,,,,,,,,,50,,50,,,,,,,0,,,,0,,,0,,,,,,,,,0,,,,,,,0,,,,,,,,,,,,,,
ME82,Adrian Mannarino,200,10,10,50,50,10,10,10,10,,10,10,100,,,,0,,0,,50,,0,,0,,,,,,100,,,25,,,,,,,,,25,,25,,25,0,,25,,0,,,,,50,,25,,,,0
B0FV,Roman Andres Burruchaga,,10,,,,,,,,,,,,,,,,,,,,,,,,,,,,,,25,,,,0,,,,,,,,,,,,,,,,,,,,,,,,,,,
M0FH,Tomas Machac,100,100,50,200,30,200,30,,400,,10,10,10,,,,0,0,,,,200,,100,,25,,,,,,,50,,,,,,,,,165,,,,,,,,,,,,,,0,,,25,,,,
GJ16,Federico Agustin Gomez,,,,,,,,,,,,,,,,,,,,,,,,,,,,,,,,0,,,,,,,,,,,,,,,,,,,,,,,,,25,,,,,,
J0A4,Paul Jubb,,,10,,,,,,,,,,,,,,,,,,,,,,,,,,,,,,,,,,,,,,,,,,,,,,,,,100,,,,,,,,,,,
TE16,Carlos Taberner,,,,,,,,,,,,,,,,,,,,,,,,,,,,,,,,,,,,,,,,,0,,,,,,,,,,,,,,,,,,,,,,
GH33,Manuel Guinard,,,,,,,,,,,,,,,,,,,,,,,,,,,,,,,,,,,,,,,,,,,,,,,,,,,,,,,,,,,,,,,0
G0GD,Matteo Gigante,,,,,,,,30,,,,,,,,,,,,,,,,,,,,,,,,,,,,,,,0,,,,,,,,,,,,,,,,,,,,,,,,
GB88,David Goffin,10,50,10,100,10,,,,200,,,,,50,,,,,,,,,100,,25,,,,,,,,0,,,,,,25,,0,0,,,,,25,100,,0,,,,,,,,,,,,,
M0EJ,Lorenzo Musetti,50,100,800,100,50,100,10,10,10,100,,50,10,0,,,0,,330,,50,,,200,,,25,50,,,,,25,,,,25,,,,,,,,,,,,100,,,,,,,165,165,,,,,,
R0DG,Holger Rune,50,200,200,10,200,10,50,50,100,200,100,400,400,50,,200,,,0,100,,200,200,,,165,,,,100,,,,,,,,,,100,,,,,,,,,,,,,,,,,,0,,,,,
SL08,Tennys Sandgren,,,,,,,,,,,,,,,,,,,,,,,,,,,,,,,0,,,,,,,,,,,,,,,,,,,,,,,,,,,,,,,,
BT72,Nuno Borges,200,10,10,200,10,10,10,100,,,100,50,10,,,0,,0,,,,,0,,,,0,,25,,,,,25,,,50,,,,25,,,,,,,0,,,,0,250,,,,,,,,,0,
D0FJ,Luciano Darderi,,50,50,10,,10,30,50,10,,10,50,10,,,,,0,,100,,0,,50,,,,,,,,250,,,25,50,,100,,,0,,100,,,,,0,,,,25,,,,25,,0,,,0,0,
GF95,Hugo Grenier,50,,,10,10,,,,,,,,,,,,,,,,,,,,,,,,,,,,0,,,,,,,,,,,,,,,,,,,,,,,,,,,,,,
S0AK,Henri Squire,,50,,,,,,,,,,,,,,,,0,,,,,,,,,,,,,,,,,,,,,,,,,,,,,,,0,,,,,,,,,,,,,,
C0BC,Maxime Cressy,,,,,,,,,,,,,,0,,,,,,,,,,,0,,,,,,,,0,,,,,,,,,,,,25,,,,,,,,,,,,,,,,,,
CF59,Roberto Carballes Baena,10,50,10,50,30,30,30,30,50,,,,10,,0,,,,,,0,,,,0,,,,50,,,25,,,0,0,,,165,,,25,,,,,,,,,,25,50,,25,,,50,,25,,,0
F0F1,Arthur Fils,50,10,200,50,50,10,10,10,10,50,10,50,100,,0,,,100,,500,,500,200,,,,50,,100,,,,,,0,50,25,,,,,,,,,,,,,25,,,,,,,,,,,,,
V0AM,Otto Virtanen,,10,50,50,,,,,,,,,,,,,,,,,,,,,,,,,,,,,,,,,,,,,,,,,,,,,,,,,,,,,,,25,,,,
U182,Camilo Ugo Carabelli,,,,10,,,,,,,,,,,,,,,,,,,,,0,,,,,,,,,,25,,,,,0,,,,,,,,,,,,,0,,,25,,,,,,,
A0CJ,Duje Ajdukovic,,,,,,,,,,,,,,,,,,,,,,,,,,,,,,,,,,,,,,0,,,,,,,,,,,,,,,100,,,0,,,,,,0,
C0DF,Francisco Comesana,,,100,100,,,,,,,,,,,0,,,,,0,,,,,,,,,,,,0,,,,0,,,,,,,,,,,,0,,,,,,,,,,,,,,,
TB69,Dominic Thiem,10,,,10,,,,,,,,,,,,,,,,,,,,0,,0,,,,,,,,,,,25,,,0,,,,,,,,,,,,0,,0,0,,,,,,,,
S0LA,Dominic Stricker,,,10,10,,,,,,,,,,,,,,,,,,,50,,,,,,,,,,,,,,,,,,,,,,,,,13,,,,,,0,,,,,,,50,,
K0E6,Alibek Kachmazov,,,,,,,,,,,,,,,,,,,,,,,,,,,,,,,,,,,,,,,,,,,,,,,,,,,,,,,,,100,,,,,,
K0AZ,Aleksandar Kovacevic,50,10,10,10,10,10,10,,10,,,10,,,,50,,,,,,,,,50,,,,,,0,,,0,,,,25,,,0,0,,,50,,0,,,,,,,,,,0,,,,0,25,
O522,Reilly Opelka,,,,10,,,,,10,,,10,,,,,,,,,,0,,,25,,,,,,,,,,,,,,,,,,,,100,,25,0,,,,,,,,,,,,,,,
R09X,Jurij Rodionov,,,,,10,,,,,,,,,,,,,,,,,,,,,,,,,,,,,,,,0,,,25,,,,,,,,,,,,,,,,,,,,,,,
SH90,Joao Sousa,,,,,,,,,,,,,,,,,,,,,,,,,,,,,,,,,,,,,0,,,,,,,,,,,,,,,,,,,,,,,,,,
N0BE,Adam Neff,,,,,,,,,,,,,,,,,,,,,,,,,,,,,,,0,,,,,,,,,,,,,,,,,,,,,,,,,,,,,,,,
S0GR,Timofey Skatov,,,,10,,,,,,,,,,,,,,,,,,,,,,,,,,,,,,,,,,,,,,,,,,,,,,,,,50,,,,,,0,,,,
C0E9,Flavio Cobolli,100,50,50,100,10,30,50,30,50,,50,100,,,,50,,0,,50,100,,,50,330,,,,,50,,,,50,,,,,25,,,100,,,,,,,0,,50,,,,,25,,,,,,,
N0AE,Brandon Nakashima,,50,100,200,30,10,10,10,10,,100,100,10,,,,,,50,,,50,,50,50,,,,,,,,,,,,,50,,,,,,,25,,0,,100,,,,,,,,,100,,,0,0,
R0ED,Max Hans Rehberg,,,,,,,,,,,,,,,,,,,,,,,,,,,,,,,,,,,,,,,,0,,,,,,,,,,,,,,,,,,,,,,,
F664,Sebastian Fanselow,,,,,,,,,,,,,,,,,,,,,,,,,,,,,,,,,,,,,,,,,,,0,,,,,,,,,,,,,,,,,,,,
KI63,Lukas Klein,50,,,,30,10,30,,,,,,,,,,,,,,,,,,,25,,,,,,,,,,,,,,,,,,,,,,,,,,,,25,0,,25,,,,,50,
WB08,Yosuke Watanuki,10,,,,,,,,50,,,,,,,,,,,,,,,,,,,,,,,,,,,,,,,,,,,,,,,,,,,,,,,,,,,,,,
L0BV,Jiri Lehecka,50,,,100,200,10,400,,50,,,100,10,0,,,100,,,,100,,0,,,,,250,,,,,25,,,,,,,,,,,,,,,,,,,,,,,,,,,165,,100,
KB95,Jason Kubler,10,,,,,,,,,,,,,,,,,,,,,,,,,25,,,,,,,,,,,,,,,,,,,,,,,,,,,,,,,,,,,,,
TD51,Frances Tiafoe,50,50,100,800,50,10,10,10,50,,10,650,10,,,50,,,0,,,0,,50,200,,50,,,,50,,,100,,,,165,,,,,25,,,,50,,50,,,,,,,,,,50,,,,
F0BY,Jacob Fearnley,,,50,,,,,,,,,,,,,,,,,,,,,,,,,,,,,,,,,,,,,,,,,,,,,,,,0,,,,,,,,,,25,,
MW75,Felipe Meligeni Alves,,10,10,,,,,,,,,,,,50,,,,,0,,,,,,,,,,,,,,,,,,,,,,,,,,,,,,,,,,,,,,,,,,,
HD68,Billy Harris,,,10,,,,,,10,,,,,,,,,,100,,,,,,,,,,,,,,,,,,,,,,,,,,25,,0,,,,100,,,,,,,,,,,,
S0TX,Henry Searle,,,10,,,,,,,,,,,,,,,,,,,,,,,,,,,,,,,,,,,,,,,,,,,,,,,,0,,,,,,,,,,,,
GJ37,Tallon Griekspoor,100,100,50,100,50,50,100,10,50,50,10,10,50,200,,,50,0,,,50,,0,,,,,,,,,,,,,,,,,,25,50,,,,,,,,100,,,0,,,,,,,,100,,
S0IA,Dane Sweeny,10,,,,,,,,,,,,,,,,,,,,,,,,,,,,,,,,,,,,,,,,,,,,,,,,,,,,,,,,,,,,,,
K0EE,Omni Kumar,,,,,,,,,,,,,,,,,,,,,,,,,,,,,,,,,,,,,,,,,,,,,,,,0,,,,,,,,,,,,,,,
MK66,Mackenzie McDonald,10,10,10,10,,,,10,,,10,,,,,,,,,,,,,,0,,0,0,,,,,,,,,,,,,,,0,,50,,25,,,25,,,,,,,,,,,,,
KE73,Dominik Koepfer,10,10,,10,10,100,10,50,,10,,,,,,100,,50,,0,,,,,,,,,,,50,,,,,,0,,,0,,,50,,,,,,25,,,,,,,,,,,0,,,
R0GO,Henrique Rocha,,,,,,,,,,,,,,,,,,,,,,,,,,,,,,,,,,,,,0,,,,,,,,,,,,,,,,25,,,,,,,,,,
E873,Ernesto Escobedo,,,,,,,,,,,,,,,,0,,,,,,,,,,,,,,,,,,,,,,,,,,,,,,,,,,,,,,,,,,,,,,,
K0EP,Jerome Kym,,,,,,,,,,,,,,,,,,,,,,,0,,,,,,,,,,,,,,,,,,,,,,,,,,,,,,,,,,,,,,,,
KF17,Soonwoo Kwon,10,50,10,10,,30,,,,,,,,,,,,,,0,,,,,,,,,,,,,,,,,,,,,,,,,,,,,,,,,,,,,,,,,,,
A887,Guido Andreozzi,,,,,,,,,,,,,,,,,,,,,,,,,,,,,,,,,,,,,,,,,,,,,,,,,,,,,,,,0,,,,,,,
GD64,Cristian Garin,10,,10,,,,,,,,,,,,50,,,,,,,,,,25,,,,,,,0,,,,0,100,,,100,,,,,,,,,,,,,0,,,,,,,,,,
D923,Damir Dzumhur,,,,,,,,,10,,,,,,,,,,,,,,,,,,,,,,,,,,,,,,,,,,,,,,,,,,,,,,,,,0,0,,,,
SU87,Lorenzo Sonego,50,50,50,10,30,10,30,10,10,100,50,,10,0,,,50,50,,,0,,,0,,,,25,,,,,,,,,,,50,,0,,0,,,,,250,,,25,,,,,50,0,,,,25,,25
Z419,Bernabe Zapata Miralles,10,,,,10,,,,,,,,,,0,,,,,,,,,,,,,0,,0,,25,,,0,0,,,,,,,,,,,,,,,,,,,,,,,,,,,
AG37,Felix Auger-Aliassime,100,200,10,10,50,30,650,50,10,50,10,100,,50,,0,,0,,,,0,50,,,,,,25,100,,,25,,,,,,,50,,,,,,,,,,,,,,50,,,,,,50,,,
MU94,Jaume Munar,50,50,50,10,10,10,30,30,30,10,,10,,,50,,,,,0,,,,,,,,,,0,,50,,,,50,,,25,,,,0,,,,,0,,,,0,,,0,,,,,0,,,
G628,Richard Gasquet,10,50,,,,,10,,,,,,10,,,,,,,,,,,,,,,,0,0,,,0,,,,50,,,,,,0,,,,,,0,,,,,0,,,,,,0,,,25
J0AZ,Kyrian Jacquet,,,,10,,,,,,,,,,,,,,,,,,,,,,,,,,,,,,,,,,,,,,,,,,,,,,,,,,,,,,,,,,,
V0DZ,Luca Van Assche,100,10,10,,10,30,30,,,,,,,,,,0,,,,,,,,25,0,,,25,,,,0,,,,,,0,,,,,,,,,,,,,,0,,,0,,,,0,,,0
CG04,Pedro Cachin,10,10,,,10,10,50,10,,,,,,,0,,,,,,,,,,,,0,,,,,0,,,0,0,0,,,,,,0,,,,,,,,,,,0,,,,,,,,,
M0QI,Alex Michelsen,100,10,10,50,30,30,10,10,30,,10,50,50,,,,,0,,,,100,,0,100,0,,,0,,25,,,25,,,,0,,25,,50,,,165,,,165,0,,,50,,,,,,,,,,,100
TA29,Marco Trungelliti,,,,,,,,,,,,,,,,,,,,50,,,,,,,,,,,,,,,,,,,,,,,,,,,,,,,,,,,,25,,0,,,,,
M0HT,Alejandro Moro Canas,,,10,,,,,,,,,,,,,,,,,,,,,,,,,,,,,,,,,,,,,25,,,,,,,,,,,,,,,,,,,,,,,
PD07,Vasek Pospisil,,,,,,,,,,,10,,,,,,,,,,,,,,,,,,,,,,,,,,,,,,,,,,,,,,,,,,,,,,,,,,,,
H09P,Brandon Holt,,,,,,,,,,,,10,,,,,,,,,,,,,,,,,,,,,,,,,,,,,,,,,,,,,,,,,,,,,,,,,,,
T0FI,Marko Topo,,,,,,,,,,,,,,,,,,,,,,,,,,,,,,,,,,,,,,,,0,,,,,,,,,,,,,,,,,,,,,,,
BM95,Benjamin Bonzi,10,,,,,,,,,,,,,,,,,,,,,,,,,,0,,0,0,,,0,,,,,,,,0,,,,,,,,,,,,,,,,,,,,,,250
B0QC,Gilles Arnaud Bailly,,,,,,,,,,,,,,,,,,,,,,,,,,,,,,,,,,,,,,,,,,,,,,,,,,,,,,,,,,,,0,,,
C0H0,Arthur Cazaux,200,10,50,50,,,,,30,,,,100,,,,50,,,,,,,,0,,,,,25,,,,,,,,,,,,,,,,,0,0,,0,,,,,,,,,,,,,
KC04,Jozef Kovalik,,100,,,,,,,,,,,,,,,,,,,,,,,,,,,,,,,,,,,,,,,,,,,,,,,,,,,0,,,,,,,,,,
T0AP,Chun-Hsin Tseng,,,,,,,,,,,,,,,,,,,,,,,,,,,,,,,,,,,,,,,,,,,,,,,,,,,,,,,,50,0,,,,,,
D875,Grigor Dimitrov,100,400,200,400,100,650,10,100,100,100,100,10,200,200,,,,,50,,,,,50,,250,,,,,,,165,,,,,,,,,,,,,,,,,,,,,,,,,,,,165,,
D643,Novak Djokovic,800,400,1300,100,50,,,50,650,400,,,,,,,,,,,,,,,,,,,,,,,,,,,,,,,,100,,,,,,,,,,,,,,,,,,,,,
BT68,Elliot Benchetrit,,,,,,,,,,,,,,,,,,,,,,,,,,,,,,,,,,,,,,,0,,,,,,,,,,,,,,,,,,,,,,,,
M0AC,Rudolf Molleker,,,,,,,,,,,,,,,,,,,,0,,,,,,,,,,,,,,,,,,,,25,,,,,,,,,,,,,,,,,,,,,,,
T0HA,Learner Tien,,,,10,,,,,,,,,,,,,,,,,,,,,,,,,,,,,,,,,,,,,,,,,,,,50,,,,,,,,,,,,,,,
GE28,Ivan Gakhov,,,,,,,,,,,,,,,,,,,,,,,,,,,,,,,,,,,,,,,,0,,,,,,,,,,,,,,,,,,,,,,,
O449,Oscar Otte,,,,,,,,,,,,,,,,,,0,,,,,,,,,,,,,,,,,,,,,,,,,,,,,,,,,,,,,,,,,,,,,
D0CO,Jack Draper,50,10,50,800,10,30,30,30,,10,10,200,100,,,200,,,100,,,100,,500,,,,165,,,,,,,,,,,,50,,0,,,,,,,250,,,,,,,,,,,,,,
H0A4,Nick Hardt,,,,,,,,,,,,,,,,,,,,0,,,,,,,,,,,,,,,,,,,,,,,,,,,,,,,,,,,,,,,,,,,
KI82,Vit Kopriva,10,,10,,,10,,,,,,,,,,,,,,,,,,,,,,,,,,,,,,,,,,0,,,,,,,,,,,,,,0,0,,,,,,,,
TC61,Jordan Thompson,50,10,50,200,10,10,10,10,10,,50,100,200,,,0,,,200,,,50,,,100,100,,25,,,50,,,50,,,,50,,,,,,,,,165,,,0,,,,,,,,,,,,,
Z371,Zhizhen Zhang,50,100,50,10,30,10,10,200,10,50,,50,10,0,,,0,200,,100,0,,,0,,,,,,,,,50,,,,,,,,,,,,,,,,0,,0,,,,,,,165,0,,,,
N897,Sumit Nagal,50,10,10,10,10,,,,10,50,,,,,,,0,,,,,,,,,,,,,,,,,,,,,,25,,,0,,,,,,0,,,,,25,,25,,,,,,0,,0
F724,Marton Fucsovics,10,10,10,10,,30,,10,,,,,,50,,,0,,,,,,,0,,0,,,,,,,,,,,50,,,,250,,,,,,,13,,,,,,,0,,,,,25,,0,
H0BH,Rinky Hijikata,10,10,10,50,,10,,10,10,,50,,,,,,,,100,,,,,,,50,,0,,,25,,,50,,,,25,,,,0,,,0,,,50,,0,,25,,,,,,50,,,,,
N771,Cameron Norrie,200,10,100,,50,50,50,50,,10,,,,,200,,,,0,,,,,0,,,,,50,,,,,,25,,,,,,,,,,,,,,,,0,,25,,,,,,,,0,,165
Y171,Denis Yevseyev,,,,,,,,,,,,,,,,,,,,,,,,,,,,,,,,,,,,,,,,,,,,,,,,,,,,,25,,,,,0,,,,,
H0DU,Gustavo Heide,,10,,,,,,,,,,,,,0,,,,,,,,,,,,,,,,,,,,,,,,,,,,,,,,,,,,,,,50,0,,,,,,,,
GE33,Daniel Elahi Galan,50,10,10,,10,10,10,10,,,,,,,0,,,,,,,,,,25,,,,,,,0,,,25,,,25,,25,,,0,,,,,,,,,,,25,25,,,,,,,,
GC89,Egor Gerasimov,,,,,,,,,10,,,,,,,,,,,,,,,,,,,,,,,,,,,,,,,,,,,,,,,,,,,,,,,,,,,,,,
W09G,J.J. Wolf,10,10,,,10,,,10,,,,,,,,,,,,,,,,,25,0,,,0,,,,,,,,,25,,,,,,,,,0,,,,,,,,,,,,,,,,
KI95,Miomir Kecmanovic,200,50,100,50,10,10,30,50,30,50,10,10,50,,,100,,0,,,0,,,50,50,,25,25,,,,,,0,,,0,,,,25,,,,,,0,,,0,50,,,,,,,,,,50,0,
HG86,Lloyd Harris,10,,50,,,,,,,,,,,,,,,,,,,,,,,,,,,,,,,,,,,,,,,,,,,,,,,,,,,,,,,,,,,,
H996,Pierre-Hugues Herbert,,10,,,,,,,,,,,,,,,,,,,,,,,,,,,,,,,,,,,,,,,,,,,,,,,0,,,,,,,,,,,,,,25
BF23,Facundo Bagnis,,,,,,,30,,,,,,,,,,,,,,,,,,,,,,,,,165,,,,0,,,,,,,,,,,,,,,,,,,,,,,,,,,
TC01,Li Tu,,,,10,,,,,10,,,,,,,,,,,,,,,,,0,,,,,,,,,,,,,,,,,,,0,,,,,,,,,,,,,,,,,,
A0GC,Terence Atmane,10,10,,,,,,50,30,,,,,,,0,,,,,,,,,,,,,,,0,,,,,,,,,,,,,,,,,,,,,,,,,,0,,,,,,
KC56,Aslan Karatsev,,10,10,,,,10,30,,,,,,,,,,,,,,,,,0,0,,,,,,,,,,,,,,,,0,,,,,25,,,,,,,,,,,0,25,,,,
S0RE,Juncheng Shang,100,,50,100,30,30,30,10,30,,,,10,,,,,,,,0,,0,,25,,100,,,,,,,0,,,,,,,,,,,,,100,25,,,50,,,,,,250,,,,,0,
D0L3,Matej Dodig,,,,,,,,,,,,,,,,,,,,,,,,,,,,,,,,,,,,,,,,,,,,,,,,,,,,,,,,25,,,,,,,
CG80,Borna Coric,10,10,50,10,30,,30,10,,50,50,,,0,,,0,,,,,,,,0,,,,,165,,,,,,,,,,,,,,,,,0,25,,,,,,,,,0,,25,,,,
P0GQ,Mili Poljicak,,,,,,,,,,,,,,,,,,,,,,,,,,,,,,,,,,,,,,,,,,,,,,,,,,,,,,,,0,,,,,,,
BV21,Charles Broom,,,10,,,,,,,,,,,,,,,,,,,,,,,,,,,,,,,,,,,,,,,,,,,,,,,,0,,,,,,,,,,,,
J476,David Jorda Sanchis,,,,,,,,,,,,,,,,,,,,,,,,,,,,,,,,,,,,,25,,,,,,,,,,,,,,,,,,,,,,,,,,
P09Z,Alexei Popyrin,50,10,100,200,,50,10,10,50,100,1000,10,100,,,,,,0,0,,0,,0,,25,,,,,,,,,,,,,,,,,,,,,,,,25,,,,,,0,,,,,,,
A829,Radu Albot,,,10,10,,,,,,,,,,,,,,,,,,,,,25,,,,,,0,,,25,,,,,,,25,,,,0,,,,,,,,,,,,,,,,,,
VA25,Valentin Vacherot,,10,,,,,,,,10,,,,,,,,,,,,,,,,,,,,,,,,,,,,,,,0,,,,,,,,,,,,,,,,,,,,,,
K926,Mikhail Kukushkin,,10,,,,,,,,,,,,,,,,,,,,,,,,,,,,,,,,,,,,,,,,,,,,,,,,,,,,,,,,50,0,,,,
B0BI,Sebastian Baez,100,50,10,50,50,10,50,100,10,10,,50,10,,500,,,,0,200,,,0,,,0,,0,,,,100,,,50,250,,,,,,50,,,,,,0,,,0,,,,50,,,,,0,,,
CD85,Pablo Carreno Busta,,10,,10,,,,,10,,50,100,,,,,,,,,0,,,,,,,,,,,,,,,,,,,,,,,,,,,100,,,,0,,,,,,,,,,,
S0N0,Tristan Schoolkate,,,,50,,,,,,,,,,,,,,,,,,,,,,,,,,,,,,,,,,,,,,,,,,,,0,,0,,,,,,,,,,,,,
C0C8,Juan Manuel Cerundolo,,,,,,,,,,,,,,,,,,,,,,,,,,,,,,,,0,,,,25,,,,,,,,,,,,,,,,,,,,,,,,,,,
N732,Yoshihito Nishioka,10,10,50,10,,10,10,30,10,,,50,,,,50,,,,,,50,,,0,,,,,,25,,,0,,,,,,,,,25,,,,250,,,,50,,,,,,,25,,,,,
D994,James Duckworth,10,,10,10,,,,,10,,50,,,,,,,50,,,,,0,,0,50,,,,,50,,,,,,,25,,,,,,,,,,0,50,,,,,,,,,,0,,,0,
K0AH,Sebastian Korda,100,100,10,50,50,50,50,50,,50,400,10,,0,,,100,,200,,,,,,500,0,,100,,,,,25,,,,,,,,25,,,,,,,,,165,,,,,,,,,,,,,
S0H2,Alexander Shevchenko,10,50,10,50,30,30,30,30,50,,,,,100,,,0,,,50,,,,,,25,,25,,50,,,25,,,,,,0,0,,50,,,,,,0,,,,25,,,,0,,25,50,,,,0
M0OQ,James McCabe,10,,,,,,,,,,,,,,,,,,,,,,,,,,,0,,,,,,,,,,,,,,,,0,,,,,,,,,,,,,,0,,,,,
D0CG,Facundo Diaz Acosta,10,,10,50,,10,10,,10,10,,,,,50,,,,,0,,,,,0,,,0,,,,50,,,250,25,,,0,,,,,,,,,,,,,,,,100,,,,,0,,,
P0HW,Dino Prizmic,10,,,,,,,,,,,,,0,,,,,,,,,,,,,,,,,,,,,,,,,,,,,,,,,,,,,,,,,,,,,,,,,
BV16,Ugo Blanchet,,,,,,,,,,,,,,,,,,,,50,,,,,,,,,,0,,,,,,,,,,,,,,,,,,,,,,,,,,,,,,,,,
CE77,Federico Coria,10,10,10,10,,,,,,10,,,,,0,,,,,,,,,,,,,,,,,100,,,100,25,0,,,,25,0,,,,,,0,,,,,0,,0,,,,,,,,
J553,Omar Jasika,10,,,,,,,,,,,,,,,,,,,,,,,,,,,,,,,,,,,,,,,,,,,,,,,,,,,,,,,,,,,,,,
AE14,Daniel Altmaier,10,50,50,10,10,30,50,10,,10,,,,,,50,,,,0,,,0,,,25,,,50,,,0,,,0,,0,,,,,0,,,,,,,,,,,,,0,,,,,25,,0,
S0S1,Ben Shelton,100,100,200,100,100,50,50,50,100,,50,200,50,,,100,,,0,,,100,330,,200,0,,,100,,100,,,,,,,250,,,,25,,,,,25,,0,,,50,,,,,,,,,,,
SS25,Vitaliy Sachko,,,,,,,,,,,,,,,,,,,,,,,,,,,0,,,,,,,,,,,,,,,,,,,,,,,,,,,,,,,,,,,,
SX91,Thiago Seyboth Wild,10,10,50,10,50,50,50,30,30,,,,,,100,,,,,0,,,,0,,,,0,,,,0,,,0,25,,,,,25,,25,,,,,25,,,0,,,,50,,,,,25,,,
HH06,Marc-Andrea Huesler,,,,,,,,,,,,,,,,,,,,,,,,,,,25,,,,,,,,,,,,,50,,,,,,,,,,0,,,,0,,,,,,,0,,
H0DC,Giles Hussey,,,,,,,,,,,,,,,,,,,,,,,,,,,,,,,,,,,,,,,,,,,,,,,,,,,25,,,,,,,,,,,,
RC91,Arthur Rinderknech,10,50,50,50,,,10,10,30,,100,,100,,,,,,,,0,,,,50,,,0,,,,,50,,,,,,0,,25,,50,,25,,100,25,25,,0,,,,,,,,,25,,,
N552,Kei Nishikori,,50,10,,,10,,,30,,200,,,,,,,,,,,100,,0,,,,,,,,,,,,,,,,,,,,,,,,,,,,,,,,,0,,,,,,
M0GZ,Giovanni Mpetshi Perricard,,10,200,10,,,,,10,,,10,50,,,,,,50,,0,,500,,50,,,,,,,,,,,,,,,,,,250,,,,,,0,,,,,,,,25,,,0,,,
DB63,Laslo Djere,10,10,10,50,,30,,,,10,,,,,50,,,,,50,,,,,,,0,,,,,,,,25,,,,25,,,,,,,,,0,,,0,,,,25,,,,,,25,100,
F0FV,Joao Fonseca,,,,,,,30,,,,,,,,100,,,0,,,,,,,,,,,,,,,,,,0,0,,,,50,,,,,,,,,,,,,,,,,,,,,,
BI23,Liam Broady,,,10,,,,,,,,,,,,,,,,,,,,,,,,25,,,,,,,0,,,,,,,,,,,,,,,,,0,,,,,,,,,,,,
Y09V,Yunchaokete Bu,,,,10,,,,,10,,,,,,,,,,,,200,,,,,,,,,,,,,,,,,,,,,,,,,,,,,,,,,,,,,100,,,,,50
MM58,Daniil Medvedev,1300,200,800,400,650,400,200,100,200,100,10,10,10,,,,200,50,,,200,,,,,,,,,,,,,,,,,,,,,,,,,,,,,,,,,,,,,,,,,,
KG27,Strong Kirchheimer,,,,,,,,,,,,,,,,,,,,,,,,,,,,,,,,,,,,,,,,,,,,,,,,0,,,,,,,,,,,,,,,
GC88,Marcos Giron,10,10,50,10,10,10,10,30,50,10,10,10,50,,,,,100,,,,0,,50,,,,,0,,165,,,100,,,,50,,,,0,,,250,,,,25,,25,,,,,,,,,100,,,
R0FP,Daniel Rincon,,,,,,,,,,,,,,,,,,,,,,,,,,,,,,,,,,,,,,,,,,,,,,,,,,,,,,,,,,,,,,,
U134,Yasutaka Uchiyama,,,,,,,,,,,,,,,,,,,,,,,,,,,,,,,,,,,,,,,,,,,,,,,,,,,,,,,,,,50,,,,,
HH26,Ugo Humbert,100,10,200,50,50,50,50,,50,200,50,10,650,0,,,500,,0,,,330,50,,,25,,,,,,,250,,,,,,,,,,25,,,,,,,100,,0,,0,,,,,,,,,
PF39,Lucas Pouille,,,100,,30,,,,,,,,,,,,,,,,,,,,,,,,,0,,,,,,,0,,,,,,,,,,,,,,,,,,,,,,,,,,
S0NV,Abdullah Shelbayh,,,,,,,,,,,,,,,,,0,,,,,,,,,,,,,,,,,,,,,,0,,,,,,,,,,,,,,,,,,,,,,,,
V836,Juan Pablo Varillas,10,,,,,,,,,,,,,,0,,,,,,,,,,,,,,,,,0,,,0,25,,0,,,,,,,,,,,,,,,,25,,,,,,,,,
SU55,Denis Shapovalov,10,100,100,10,30,50,50,10,30,,10,,,0,,,0,,,,,,100,,100,,,,0,25,,,0,,,,,0,,,0,25,,,,,0,,25,,,,,,,,,,,,,250,
Z09Z,Beibit Zhukayev,,,,,,,,,10,,,,,,,,,,,,,,,,,,,,,,,,,,,,,,,,,,,,,,,,,,,,,,,,,,50,,,,
P0ED,Kiranpal Pannu,,,,,,,,,,,,,,,,,,,,,,,,,,,,,0,,,,,,,,,,,,,,,,,,,,,,,,,,,,,,,,,,
BK92,Alexander Bublik,10,50,100,10,50,10,100,10,10,10,10,,50,50,,,330,50,,,0,,0,,,,,100,,250,,,,,,,,,,,,,100,,,,,,50,,0,,,,,,50,,,,,,
V942,Tim van Rijthoven,,,,,,,,,,,,,,,,,,,,,,,,,,,,,,,,,,,,,,,,,,,,,,,,,,0,,,,,,,,,,,,,
W0BH,Coleman Wong,,,,,,10,,,10,,,,,,,,,,,,,,,,,,0,,,,,,,,,,,,,,,,,,0,,,,,,,,,,,,,25,0,,,,
B0JG,Leo Borg,,,,,,,,,,,,,,,,,,,,,,,,,,,,,,,,,,,,,,,,,,,,,,,,,,,,,0,,,,,,,,0,,
B0PG,Alexander Blockx,,,,,,,,,,,,,,,,,,,,,,,,,,,,,,,,,,,,,,,,,,,,,,,,,,,,,,,,,,,,0,,,
S0GZ,Nikolas Sanchez Izquierdo,,,,,,,,,,,,,,,,,,,,,,,,,,,,,,,,,,,,,,,,,,,0,,,,,,,,,,,,,,,,,,,,
N0BS,Mariano Navone,,50,10,50,,,30,10,10,,10,10,10,,330,,,,0,,,50,,0,,,,,,,,0,,,0,,,,100,,165,,,,,,,0,,,0,,50,,,0,,,,25,,0,
HB64,Quentin Halys,50,,100,10,,,,,,,,,10,,,,,,,,,,,0,,,,,,,,,0,,,,,,,,,,,,,,,,,,,,,165,,,,,,,25,,50
VA08,Andrea Vavassori,,,,,,30,,10,,,,,,,,,,,,,,,,,,,,,,,,,,,50,,,,,,,,,,,,,,,,,,,,,,,,,,,,
M0NP,Andres Martin,,,,,,,,,,,,,,,,,,,,,,,,,,,,,,,,,,,,,,,,,,,,,,,0,,,,,,,,,,,,,,,,
MO44,Pedro Martinez,,50,10,50,,,,10,10,,10,,10,,,,,0,,200,0,,50,,,,,,,25,,,,,,100,165,,,,50,,0,,,,,,,,,0,,,50,,50,,,,0,,0
PH64,Andrea Pellegrino,,,,,,,,,,,,,,,,,,,,,,,,,,,,,,,,,,,,,,,,,,,,,,,,,,,,,0,,,,,,,,,,
MN13,Maximilian Marterer,10,50,10,10,,,,10,,,,,,,,,0,,,50,,,,,,,,,,0,,,0,,,,0,,,0,,,,,,,,,,,,0,,,,,,0,25,,,,
MJ08,Thiago Monteiro,,10,10,10,,,50,100,,,,,,,100,,,,,,,,,,,,,,,,,,,,,,,,,,,,,,,,,,,,,,50,,,25,,,,0,,,0
S0WT,Joel Schwaerzler,,,,,,,,,,,,,,,,,,,,,,,,0,,,,,,,,,,,,,,,,,,,,,,,,,,,,,,,0,,,,,,,,
M0N1,Luka Mikrut,,,,,,,,,,,,,,,,,,,,,,,,,,,,,,,,,,,,,,,,,,,,,,,,,,,,,,,,0,,,,,,,
M0AW,Nicolas Mejia,,,,,,,,,,,,,,,,,,,,,,,,,,,,,,,,,,,,,,,,,,,,,,,,0,,,,,,,,,,,,,,,
C977,Marin Cilic,10,,,,,,,,10,,,,10,,,,,,,,,0,0,,,,0,,,,,,,,0,,,,,,,,,,,,,,,,,,,,,,,250,,,,25,
L0GH,Mark Lajal,,,10,,,,,,,,,,,,,,,,,,,,,,,,,,,,,,,,,,,,,,,,,,,,,,,,,,,,,,,,,,,,
DF88,Aziz Dougaz,,,,,,,,,,,,,,,,,,,,,,,,,,,,,,,,,,,,,,,0,,,,,,,,,,,,,,,,,,,,,,,,
BI81,Alex Bolt,,,10,,,,,,,,,,,,,,,,,,,,,,,,,25,,,,,,,,,,,,,,,,,50,,,,,,,,,,,,,,,,,,
SX50,Roman Safiullin,10,10,100,50,30,30,10,10,100,50,10,,,0,,0,,0,,,50,,,,,100,,,,,,,,,,,,,,,,,,,,,,25,0,,,,0,,,,25,,0,,,25,
Y218,Elias Ymer,,,10,,,,,,,,,,,,,,,,,,,,,,0,,,,,,,,,,,,,,,,,,,,,,,,,,,,0,,,,,,,,0,,
RH24,Emil Ruusuvuori,50,10,100,,10,10,10,10,,,,,,100,,,,,,,,,,,25,,165,,,,,,25,,,,,,,,,25,,,,,,,,,25,,,,,,,,,,,,
PH71,Max Purcell,50,10,10,50,10,10,30,,,,,50,,,,0,,0,,,,,,,0,0,,,25,,25,,,0,,,,25,,,,,,,,,50,,,0,165,,,,,,,,,,,,
F0DM,Arthur Fery,,,10,,,,,,,,,,,,,,,,,,,,,,,,,,,,,,,,,,,,,,,,,,,,,,,,,,,,,,,,,,,,
MW18,Nicolas Moreno De Alboran,,10,,,10,,,10,,,,,,,,,,,,,,,,,,,,,,,0,,,25,,,,,50,,,25,,,,,,,,,,,,0,50,,,,,,,,
J620,Maxime Janvier,,,10,,,,,,,,,,,,,,,,,,,,,,,,,,,,,,,,,,,,,,,,,,,,,,,,,,,,,,,,,,,,
J551,Nicolas Jarry,10,10,10,10,10,200,10,650,10,10,10,10,50,,0,,,,,,0,,0,,,,,50,,,,,,,165,50,,,,,,,,,,,,,,,,,,,,,50,,,,25,,
E865,Christopher Eubanks,50,10,10,10,10,50,10,10,,,,,,,,0,,100,,,,,,,,,,,0,,25,,,,,,,0,,,,0,,,100,,,50,0,,,0,,,,,,,,,,,
C0AU,Francisco Cerundolo,50,200,10,50,50,50,200,50,10,50,,10,100,,200,,,,0,100,50,,0,,,,25,,25,,,25,,,25,,,25,,,50,,25,,,,,0,,,0,,,,,250,,,100,,,50,
DH50,Alejandro Davidovich Fokina,50,50,,10,10,50,50,10,30,10,100,10,,0,,,100,,0,,50,,,0,50,,,,,,,,50,,,,,,,,,,,,,,50,,,,,,,,,,,,,,25,,
MV14,Alex Molcan,,,,,,,,,,,,,,,,,,,,,,,,,,,,,,,,,,,,0,,,,,,,,,,,,,,,,,,,,,,,,,,,
E0DD,Justin Engel,,,,,,,,,,,,,,,,,,,,,,,,,,,,,,,,,,,,,,,,,,,,,,,,,,,,,,,,,,,25,,,,
BS86,Tomas Barrios Vera,,,,,,,,,,,,,,,50,,,,,,,,,,,,,,,,,0,,,,25,,,,,,,,,,,,,,,,,,,,,,,,,,,
KE29,Karen Khachanov,200,50,50,10,10,100,100,100,10,200,50,50,400,,,,50,,0,,100,,,330,0,,25,,,,,,100,,,,,,,,,,,,,,,,,0,,,,,,,,0,250,,,,
A0FC,Matteo Arnaldi,50,200,10,100,30,100,30,30,50,10,400,10,10,,,50,,,50,0,,0,0,,,50,,25,,,,,,25,,,,,,,,,,,,,,,,,,,,,,0,,,,,,,
M0NI,Jakub Mensik,50,,10,100,30,,50,10,200,,,,,,,,50,,,,0,,,100,,,,,,,,,,,,,,,,,,,,,0,,,,,0,,50,,,,100,,,,,,,
M0HU,Shintaro Mochizuki,10,10,,,10,,,,,,,,,,,,,,,,,0,,,,,0,,,,,,,,,,,,,,,,,,0,,,,,,,,,,,,0,,,,,,
BK40,Matteo Berrettini,,,50,50,,10,,,30,10,,10,10,,,,,50,,,,50,,100,,,,,,,,,,,,,,,250,,,,,,,,,,165,,,,,250,250,,,,,,25,,
B0NO,Darwin Blanch,,,,,,10,10,,,,,,,,,,,,,,,,,,,,,,,,,,,,,,,,,,,,,,,,,,,,,,,,,,,,,,,,
R772,Albert Ramos-Vinolas,10,,,10,,,10,,,,,,,,50,,,,,,,,,,,,,,,,,25,,,,25,,,0,,,,,,,,,,,,,,,0,,,,,,,,,
K0HC,Maks Kasnikowski,,,,10,,,,,,,,,,,,,,,,,,,,,,,,,,,,,,,,,,,,,,,,,,,,,,,,,,,,,,,,,,,
L0IL,Martin Landaluce,,,,,,30,10,,,,,,,,,,,,,,,,,,,,,,,,,,,,,,,,,,,,,,,,,,,,,,,,,,,,,,,,
FB98,Taylor Fritz,400,200,400,1300,100,10,400,200,400,10,50,10,10,,,0,,,100,,,0,,,,,,,,,,,,250,,,,,,165,,25,,,,,,,,,250,,,,,,,,,,,,
C0JP,Raphael Collignon,,,,,,,,,,,,,,,,,,,,,,,,,,,,,,,,,,,,,,,,,,,,,,,,,,,,,,,,,,,,0,,,
M0JF,Hamad Medjedovic,,10,,10,,,30,50,,,,,,,,,,,,,,,,,,,,,,,,,,,,,,,,,,,,,,,,,25,,,,,25,0,,,,,,,165,
EA24,Tomas Martin Etcheverry,100,100,50,100,,10,10,50,50,50,50,50,50,,,,,,0,,,0,0,,,0,,0,,,,50,,,50,,,100,,,,,165,,,,,0,,,0,,,50,,,,,,25,,25,
TE30,Alejandro Tabilo,10,10,100,10,30,30,10,400,50,50,100,10,50,,0,,,,50,,,0,50,,,,,,250,,,,,,25,165,,,,,100,,,,,,,,,,,250,,,0,,,,50,,,,
S0AG,Jannik Sinner,2000,800,400,2000,400,1000,200,,1000,400,200,1000,,500,,,,500,,,330,,,,,,,,,,,,,,,,,,,,,,,,,,,,,,,,,,,,,,,,,,
BO10,Gijs Brouwer,,,,,,,,,,,,,,,,,,,,,,,,,,,,,,,,,,,,,,0,,,,,,,,,,,,50,,0,,,,,,,,,,,
CG94,Enzo Couacaud,,,,,,,,,,,,,,,,,,,,,,,,,,,,,,,,,,,,,,,,,,,,,,,,,,,,,,,,0,,,,,,,
Z355,Alexander Zverev,800,1300,200,400,200,400,100,1000,100,100,200,400,1000,,,0,,200,,330,,,,100,,,,,,,,,,,,,,,,50,,,,,,,,,,,,,,,,,,,,,,,
KB09,Denis Kudla,,,,,10,,,,,,,,,,,,,,,,,,,,,,,,,,25,,,,,,,0,,,,,,,,,,,,,,,,,,,,,,,,,
W09E,Adam Walton,10,10,50,10,,10,,,,,,,,,,,,,,,,,,,0,,,0,,,,,,,,,,,,,,,,,,,25,0,,,,25,,,,,0,,,,,,
DA81,Taro Daniel,10,10,10,10,30,10,30,,30,,10,,,,,0,,,0,,,,,,,,0,,165,,25,,,0,,,,,,25,,,0,,,,,0,,,,0,0,,,,25,,0,,,,
D0C1,Jesper de Jong,50,50,,,,,,,,,,,,0,,,,,,0,,,,,,,,,,,,,,,,,,,,,,,,,,,,,,,,,,,,,,,,,,,0
W367,Stan Wawrinka,10,50,50,10,10,,,,30,10,,,,,0,,,,,,0,,50,,,,,,,,,,,,25,,,,25,,0,,,,,,,,,,,,,0,,,,,,,100,0,
D0DW,Titouan Droguet,,,,,,,,,,,,,,,,,,,,,,,,,,,,,,,,,,,,,,,,,,,,,,,,,,,,,,0,,,,,,,,,0
V832,Aleksandar Vukic,10,10,50,10,30,10,10,30,50,10,,,,,,,,,,,,,,,0,0,,,0,,,,,0,,,,,50,0,,,25,,50,,0,25,,50,100,,,,,,25,,100,,,,
V812,Botic van de Zandschulp,10,10,50,100,10,30,30,30,30,,,,,0,,,50,,,,,0,50,,,,25,,25,,,,,,,,25,,,25,,,,,,,,0,,0,,,,25,,,,,,0,,,
D0F6,Gabriel Diallo,,10,,100,,,,,10,,10,,,,,,,,,,,,,,,,,,,,,,,0,,,,,,,,,,,0,,,,,,,,,,,,,,165,,,,
RH16,Casper Ruud,100,800,50,200,200,100,100,10,10,650,100,10,10,,,330,,,,,,0,0,,,,,,,,,,,,,,100,,,,,250,,,,,,,,,,,0,,,,,,,,50,,0
SM37,Diego Schwartzman,,,,10,,10,,10,,,,,,,,0,,,,,,,,,,,,,,,,0,,,0,,,,,,,,,,,,,,,,,,,,,,,,,,,,
PL56,Tommy Paul,100,100,400,200,400,10,50,400,100,,50,10,10,,,0,,,500,,,50,,0,,,,50,,,250,,,165,,,,,,,,,,,,,,,,50,,,,,,,,,,,250,,
Z0A1,Giulio Zeppieri,50,50,,,,,,10,,,,,,,,,,,,,,,,,,,,,,,,,0,,,,,,,,,,,,,,,,,,,,,,,,,,,,,,
H997,Yannick Hanfmann,10,10,10,,30,50,10,30,,10,,,,,50,,,,,,,,,,,25,,0,,,,50,,,0,0,,,,25,,25,,,,,,,25,,,0,,25,100,,100,,,,,,
N409,Rafael Nadal,,10,,,,,100,30,,,,,,,,,,,,,,,,,,50,,,,,,,,,,,,,,,,,,,,,,,,,,,165,,,,,,,,,,
G09O,Hugo Gaston,50,10,10,10,,,,,10,,,,,,,,,,,50,,,,,,,,,,0,,,25,,,,,,0,,0,,50,,,,,0,,,,,,,165,,,0,,100,,,25
P0J1,Rodrigo Pacheco Mendez,,,,,,,,,,,,,,,,0,,,,,,,,,,,,,,,,,,,,,,,,,,,,,,,,,,,,,,,,,,,,,,,
CH12,Jan Choinski,,,10,10,,,,,,,,,,,,,,,,,,,,,,,,,,,,,,,,,25,,,,,,,,,,,,,,,,,,,,,,,,,,
E768,Antoine Escoffier,,,,,,,,,,,,,,,,,,,,,,,,,,,,,,0,,,,,,,,,,,,,,,,,,,,,,,,,,,,,,,,,
DA31,Hugo Dellien,,,,,,,,,,,,,,,0,,,,,,,,,,,,,,,,,25,,,,0,,,,,,,,,,,,,,,,,,,,,,,,,,,
L987,Dusan Lajovic,10,50,10,10,30,10,10,30,,,,,,,100,50,,,,50,,,,,,,,25,,,,,,,50,,,,,,,,,,,,,,,,,,,,,50,,,,,,25,
F510,Fabio Fognini,,50,100,10,30,,,30,30,,,,10,,,,,,,,,,,,,,,,,,,,,,,,,,50,,,,,,,,,,,,,25,,50,,25,0,,0,,,0,
F0F2,Jaime Faria,,,,,,,,,,,,,,,,,,,,,,,,,,,,,,,,,,,,,0,,,,,,,,,0,,,,,,,,,,,,,,,,,
HB71,Hubert Hurkacz,400,200,50,50,10,100,100,200,,100,200,200,10,50,,,100,330,,,,50,,,,,,,,,,,100,,,,250,,,,,,,,,,,,,,,,,,,,,,,,,,
MW76,Matteo Martineau,,,,,,,,,,,,,,,,,,,,,,,,,,,,,,,,,,,,,,,,,,,,,,,,,0,,,,,,,,,,,,,,
Q02L,Ethan Quinn,,,,,10,,,,,,,,,,,,,,,,,,,,,,,,,,0,,,,,,,,,,,,,,25,,,,,,,,,,,,,,,,,,
O483,Christopher O'Connell,50,,10,100,30,100,10,10,10,10,,,10,,,,50,,,,,50,,,25,0,,50,,,,,,,,,,,,0,,,,,,,0,13,,,,,,,,,25,,0,,,50,
PD31,Benoit Paire,,,,,,,,,,,,,,,,,,,,,,,,,,,,,,25,,,,,,,,0,,,,,,,25,,,,,,,,,,,,,,,,,,
N679,Stefano Napolitano,,,,,,,,50,,,,,,,,,,,,,,,,,,,,,,,,,,,,,,,,,,,,,,,,,,0,,,,0,,,,,,,,,
K0A3,Patrick Kypson,10,,,,30,,,,,,,,,,,,,,,,,,,,,,,,,,,,,50,,,,0,,,,,,,,,,,,,,,,,,,,,,,,,
M0G4,Harold Mayot,,10,,,,10,,10,,,,,,,,,,,,,,,,,0,,,,,50,,,,,,,,,,,,,,,0,,25,,,,,,,,,,,,,,,,0
RB56,Ramkumar Ramanathan,,,,,,,,,10,,,,,,,,,,,,,,,,,,,,,,,,,,,,,,,,,,,,,,,,,,,,,,,,,,,,,,
R975,Milos Raonic,10,,,,30,,,,,,,,,100,,,,,50,,,,,,,,,,,,,,,,,,,,,,,,,,,,,,,50,,,,,,,,,,,,,
N0AM,Emilio Nava,,,,,,10,,,,,,,,,,,,,,,,,,,,,,,,,0,,,0,,,,,,,,,,,0,,,,,,,,,,,,,,,,,,
P0CT,Francesco Passaro,,,,,,,,50,,,,,,,,,,,,,,,,,,,,,,,,,,,,0,,,,0,,,,,,,,,,,,,,,,,,,,,,,
BD06,Roberto Bautista Agut,10,10,200,50,,30,30,,10,50,10,,,,,,,,,,50,,50,,0,,50,,0,,,,25,,,,25,,,,,,,,,,,,,25,,50,,,,,,,,250,,,0
MW02,Corentin Moutet,,200,,10,,,10,30,10,10,,10,10,,0,,,,,,,,,,,,,,,,,,,,,100,,,0,,50,,,,,,,13,,,,,,,,,,0,,,0,,100
BK24,Gregoire Barrere,10,10,,,,,,10,,,,,,,,,,,,,,,,,,,,,,25,,,0,,,,,,,,100,,,,,,,,,,,,,0,,,,,,,,,0
LB66,Constant Lestienne,10,10,10,10,30,,,,,,,,,,,,,,,,,,,,,,,,,25,0,,,25,,,,,,,,,,,0,,,0,,,,0,,,,,,,,,,,
L0CX,Pablo Llamas Ruiz,,,,,,,10,,,,,,,,,,,,,,,,,,,,,,,25,,,,,,,50,,,,,,,,,,,,,,,,,,,,,,,,,,
HC21,Seongchan Hong,,,,,10,,,,,,,,,,,,,,,,,,,,50,,,,,,,,,,,,,,,,,,,,,,,,,,,,,,,,,,,,,,
VA70,Mate Valkusz,10,,,,,,,,,,,,,,,,,,,,,,,,,,,,,,,,,,,,,,,,,,,,,,,,,,,,,,,,,,,,,,
V717,Alexey Vatutin,,,,,,,,,,,,,,,,,,,,,,,,,,,,,,,,,,,,,,,,,,,,,,,,,,,,,,,,,,,,0,,,
F0I8,Matthew Forbes,,,,10,,,,,,,,,,,,,,,,,,,,,,,,,,,,,,,,,,,,,,,,,,,,,,,,,,,,,,,,,,,
M0CI,Fabian Marozsan,100,50,10,50,100,200,30,10,,,10,100,,0,,,0,50,,0,,,,0,,,0,,25,,,,,,,,,,,,,0,,,,,,0,0,,0,,,,,50,,25,0,,,50,
DH58,Alex de Minaur,200,400,400,400,100,100,10,100,,200,,,200,330,,500,,,0,,,,,200,,,,,,,,,,,,,,,,,,,,,,,,,,250,,,,,,,,,,50,,,
HG94,Benjamin Hassan,,,,,,,10,,,,,,,,,,,,,,,,,,,,,,,,,,,,,,,,,,,,,,,,,,,,,,,,,,,,0,,,,
B0GG,Mattia Bellucci,,10,10,50,,,,,30,,,,,,,,,,,,,0,,,25,,,,,,,,,,,,,,,,,,,,,,50,,,,,,,,,,,25,,,,,
BV25,Javier Barranco Cosano,,,,,,,,,,,,,,,,,,,,,,,,,,,,,,,,,,,,,,,,,,,0,,,,,,,,,,,,,,,,,,,,
V708,Jiri Vesely,10,,,,,,,,,,,,,,,,,,,,,,,,,,,,,,,,,,,,,,,,,,,,,,,,,,,,,,,,,,,,,,
GH92,Borna Gojo,,,,,,,,,,,,,,,,,,,,,,,,,,,0,,0,,,,,,,,,,,,,,,,,,,,,,,,,,,,,,,,,,
Z0CQ,Yi Zhou,,,,,,,,,30,,,,,,,,,,,,0,,,,,,,,,,,,,,,,,,,,,,,,,,,,,,,,,,,,25,,,,,,
D0HJ,Branko Djuric,,,,,,,,,,,,,,,,,,,,,,,,,,,,,,,,,,,,,,,,,,,,,,,,,,,,,,,,,,,,,,0,
MP01,Michael Mmoh,,,,,,,,,,,,,,,,0,,,,,,,,,,,,,,50,25,,,,,,,50,,,,,,,,,,,,,,,,,,,,,,,,,
